video_id,status,keyframes,rows
L21_V001,OK,307,307
L21_V002,OK,262,262
L21_V003,OK,286,286
L21_V005,OK,223,223
L21_V006,OK,257,257
L21_V007,OK,209,209
L21_V008,OK,317,317
L21_V009,OK,287,287
L21_V010,OK,268,268
L21_V011,OK,262,262
L21_V012,OK,225,225
L21_V013,OK,277,277
L21_V014,OK,288,288
L21_V015,OK,312,312
L21_V016,OK,269,269
L21_V017,OK,230,230
L21_V018,OK,290,290
L21_V019,OK,265,265
L21_V021,OK,243,243
L21_V022,OK,231,231
L21_V023,OK,268,268
L21_V024,OK,294,294
L21_V025,OK,286,286
L21_V026,OK,288,288
L21_V027,OK,292,292
L21_V028,OK,235,235
L21_V029,OK,290,290
L21_V030,OK,254,254
L21_V031,OK,285,285
L22_V001,OK,298,298
L22_V002,OK,327,327
L22_V003,OK,315,315
L22_V004,OK,332,332
L22_V005,OK,259,259
L22_V006,OK,331,331
L22_V007,OK,290,290
L22_V008,OK,255,255
L22_V009,OK,281,281
L22_V010,OK,285,285
L22_V011,OK,273,273
L22_V012,OK,283,283
L22_V013,OK,311,311
L22_V014,OK,287,287
L22_V015,OK,301,301
L22_V016,OK,367,367
L22_V017,OK,261,261
L22_V018,OK,351,351
L22_V019,OK,259,259
L22_V020,OK,313,313
L22_V021,OK,319,319
L22_V022,OK,275,275
L22_V023,OK,300,300
L22_V024,OK,297,297
L22_V025,OK,290,290
L22_V026,OK,266,266
L22_V027,OK,266,266
L22_V028,OK,266,266
L22_V029,OK,252,252
L22_V030,OK,285,285
L22_V031,OK,301,301
L23_V001,OK,50,50
L23_V002,OK,93,93
L23_V003,OK,69,69
L23_V004,OK,109,109
L23_V005,OK,72,72
L23_V006,OK,119,119
L23_V007,OK,85,85
L23_V008,OK,61,61
L23_V009,OK,61,61
L23_V010,OK,80,80
L23_V011,OK,111,111
L23_V012,OK,96,96
L23_V013,OK,87,87
L23_V014,OK,80,80
L23_V015,OK,75,75
L23_V016,OK,69,69
L23_V017,OK,64,64
L23_V018,OK,108,108
L23_V019,OK,109,109
L23_V020,OK,87,87
L23_V021,OK,139,139
L23_V022,OK,74,74
L23_V023,OK,82,82
L23_V024,OK,105,105
L23_V025,OK,241,241
L24_V002,OK,219,219
L24_V003,OK,240,240
L24_V004,OK,280,280
L24_V005,OK,187,187
L24_V006,OK,158,158
L24_V007,OK,161,161
L24_V008,OK,165,165
L24_V009,OK,158,158
L24_V010,OK,139,139
L24_V011,OK,204,204
L24_V012,OK,47,47
L24_V013,OK,156,156
L24_V014,OK,157,157
L24_V015,OK,187,187
L24_V016,OK,157,157
L24_V017,OK,57,57
L24_V018,OK,203,203
L24_V019,OK,148,148
L24_V020,OK,143,143
L24_V021,OK,157,157
L24_V022,OK,171,171
L24_V023,OK,175,175
L24_V024,OK,168,168
L24_V025,OK,162,162
L24_V026,OK,181,181
L24_V027,OK,159,159
L24_V028,OK,176,176
L24_V029,OK,168,168
L24_V030,OK,185,185
L24_V031,OK,177,177
L24_V032,OK,212,212
L24_V033,OK,173,173
L24_V035,OK,193,193
L24_V036,OK,83,83
L24_V037,OK,185,185
L24_V038,OK,149,149
L24_V039,OK,146,146
L24_V040,OK,65,65
L24_V041,OK,36,36
L24_V042,OK,180,180
L24_V043,OK,227,227
L24_V044,OK,42,42
L24_V045,OK,45,45
L25_V001,OK,438,438
L25_V002,OK,352,352
L25_V003,OK,352,352
L25_V004,OK,345,345
L25_V005,OK,543,543
L25_V006,OK,352,352
L25_V007,OK,632,632
L25_V008,OK,394,394
L25_V009,OK,305,305
L25_V010,OK,529,529
L25_V011,OK,318,318
L25_V012,OK,371,371
L25_V013,OK,397,397
L25_V014,OK,463,463
L25_V015,OK,383,383
L25_V016,OK,423,423
L25_V017,OK,374,374
L25_V018,OK,445,445
L25_V019,OK,321,321
L25_V020,OK,361,361
L25_V021,OK,395,395
L25_V022,OK,493,493
L25_V023,OK,412,412
L25_V024,OK,397,397
L25_V025,OK,501,501
L25_V026,OK,437,437
L25_V027,OK,463,463
L25_V028,OK,305,305
L25_V029,OK,389,389
L25_V030,OK,398,398
L25_V031,OK,397,397
L25_V032,OK,441,441
L25_V033,OK,482,482
L25_V034,OK,427,427
L25_V035,OK,378,378
L25_V036,OK,472,472
L25_V037,OK,318,318
L25_V038,OK,394,394
L25_V039,OK,459,459
L25_V040,OK,387,387
L25_V041,OK,401,401
L25_V042,OK,497,497
L25_V043,OK,487,487
L25_V044,OK,364,364
L25_V045,OK,398,398
L25_V046,OK,339,339
L25_V047,OK,380,380
L25_V048,OK,597,597
L25_V049,OK,530,530
L25_V050,OK,446,446
L25_V051,OK,505,505
L25_V052,OK,527,527
L25_V053,OK,335,335
L25_V054,OK,582,582
L25_V055,OK,339,339
L25_V056,OK,408,408
L25_V057,OK,398,398
L25_V058,OK,443,443
L25_V059,OK,381,381
L25_V060,OK,426,426
L25_V061,OK,472,472
L25_V062,OK,373,373
L25_V063,OK,403,403
L25_V064,OK,374,374
L25_V065,OK,356,356
L25_V066,OK,407,407
L25_V067,OK,464,464
L25_V068,OK,450,450
L25_V069,OK,496,496
L25_V070,OK,438,438
L25_V071,OK,335,335
L25_V072,OK,329,329
L25_V073,OK,392,392
L25_V074,OK,535,535
L25_V075,OK,448,448
L25_V076,OK,403,403
L25_V077,OK,518,518
L25_V078,OK,438,438
L25_V079,OK,339,339
L25_V080,OK,404,404
L25_V081,OK,543,543
L25_V082,OK,363,363
L25_V083,OK,345,345
L25_V084,OK,599,599
L25_V085,OK,599,599
L25_V086,OK,529,529
L25_V087,OK,440,440
L25_V088,OK,427,427
L26_V001,OK,125,125
L26_V002,OK,122,122
L26_V003,OK,122,122
L26_V004,OK,123,123
L26_V005,OK,129,129
L26_V006,OK,120,120
L26_V007,OK,130,130
L26_V008,OK,141,141
L26_V009,OK,132,132
L26_V010,OK,112,112
L26_V011,OK,116,116
L26_V012,OK,151,151
L26_V013,OK,154,154
L26_V014,OK,139,139
L26_V015,OK,173,173
L26_V016,OK,149,149
L26_V017,OK,129,129
L26_V018,OK,126,126
L26_V019,OK,124,124
L26_V020,OK,130,130
L26_V021,OK,146,146
L26_V022,OK,126,126
L26_V023,OK,117,117
L26_V024,OK,138,138
L26_V025,OK,132,132
L26_V026,OK,120,120
L26_V027,OK,139,139
L26_V028,OK,123,123
L26_V029,OK,131,131
L26_V030,OK,120,120
L26_V031,OK,136,136
L26_V032,OK,161,161
L26_V033,OK,142,142
L26_V034,OK,145,145
L26_V035,OK,146,146
L26_V036,OK,147,147
L26_V037,OK,176,176
L26_V038,OK,134,134
L26_V039,OK,167,167
L26_V040,OK,168,168
L26_V041,OK,145,145
L26_V042,OK,129,129
L26_V043,OK,133,133
L26_V044,OK,145,145
L26_V045,OK,118,118
L26_V046,OK,147,147
L26_V047,OK,138,138
L26_V048,OK,138,138
L26_V049,OK,139,139
L26_V050,OK,149,149
L26_V051,OK,131,131
L26_V052,OK,145,145
L26_V053,OK,129,129
L26_V054,OK,142,142
L26_V055,OK,211,211
L26_V056,OK,146,146
L26_V057,OK,140,140
L26_V058,OK,147,147
L26_V059,OK,140,140
L26_V060,OK,135,135
L26_V061,OK,153,153
L26_V062,OK,154,154
L26_V063,OK,140,140
L26_V064,OK,136,136
L26_V065,OK,158,158
L26_V066,OK,154,154
L26_V067,OK,143,143
L26_V068,OK,162,162
L26_V069,OK,159,159
L26_V070,OK,153,153
L26_V071,OK,142,142
L26_V072,OK,157,157
L26_V073,OK,154,154
L26_V074,OK,155,155
L26_V075,OK,195,195
L26_V076,OK,157,157
L26_V077,OK,165,165
L26_V078,OK,152,152
L26_V079,OK,152,152
L26_V080,OK,146,146
L26_V081,OK,145,145
L26_V082,OK,163,163
L26_V083,OK,161,161
L26_V084,OK,159,159
L26_V085,OK,146,146
L26_V086,OK,144,144
L26_V087,OK,145,145
L26_V088,OK,155,155
L26_V089,OK,143,143
L26_V090,OK,132,132
L26_V091,OK,152,152
L26_V092,OK,154,154
L26_V093,OK,158,158
L26_V094,OK,144,144
L26_V095,OK,155,155
L26_V096,OK,153,153
L26_V097,OK,153,153
L26_V098,OK,135,135
L26_V099,OK,143,143
L26_V100,OK,141,141
L26_V101,OK,154,154
L26_V102,OK,154,154
L26_V103,OK,154,154
L26_V104,OK,155,155
L26_V105,OK,151,151
L26_V106,OK,138,138
L26_V107,OK,140,140
L26_V108,OK,152,152
L26_V109,OK,178,178
L26_V110,OK,154,154
L26_V111,OK,150,150
L26_V112,OK,153,153
L26_V113,OK,169,169
L26_V114,OK,154,154
L26_V115,OK,157,157
L26_V116,OK,154,154
L26_V117,OK,146,146
L26_V118,OK,146,146
L26_V119,OK,158,158
L26_V120,OK,150,150
L26_V121,OK,148,148
L26_V122,OK,158,158
L26_V123,OK,154,154
L26_V124,OK,169,169
L26_V125,OK,151,151
L26_V126,OK,154,154
L26_V127,OK,155,155
L26_V128,OK,159,159
L26_V129,OK,142,142
L26_V130,OK,139,139
L26_V131,OK,146,146
L26_V132,OK,153,153
L26_V133,OK,159,159
L26_V134,OK,162,162
L26_V135,OK,156,156
L26_V136,OK,155,155
L26_V137,OK,146,146
L26_V138,OK,149,149
L26_V139,OK,160,160
L26_V140,OK,148,148
L26_V141,OK,157,157
L26_V142,OK,156,156
L26_V143,OK,158,158
L26_V144,OK,146,146
L26_V145,OK,155,155
L26_V146,OK,157,157
L26_V147,OK,158,158
L26_V148,OK,159,159
L26_V149,OK,138,138
L26_V150,OK,125,125
L26_V151,OK,159,159
L26_V152,OK,165,165
L26_V153,OK,147,147
L26_V154,OK,145,145
L26_V155,OK,155,155
L26_V156,OK,156,156
L26_V157,OK,161,161
L26_V158,OK,152,152
L26_V159,OK,157,157
L26_V160,OK,146,146
L26_V161,OK,152,152
L26_V162,OK,139,139
L26_V163,OK,146,146
L26_V164,OK,137,137
L26_V165,OK,140,140
L26_V166,OK,146,146
L26_V167,OK,159,159
L26_V168,OK,155,155
L26_V169,OK,178,178
L26_V170,OK,158,158
L26_V171,OK,183,183
L26_V172,OK,213,213
L26_V173,OK,174,174
L26_V174,OK,173,173
L26_V175,OK,161,161
L26_V176,OK,151,151
L26_V177,OK,177,177
L26_V178,OK,193,193
L26_V179,OK,170,170
L26_V180,OK,174,174
L26_V181,OK,165,165
L26_V182,OK,135,135
L26_V183,OK,181,181
L26_V184,OK,153,153
L26_V185,OK,162,162
L26_V186,OK,171,171
L26_V187,OK,153,153
L26_V188,OK,158,158
L26_V189,OK,143,143
L26_V190,OK,152,152
L26_V191,OK,147,147
L26_V192,OK,160,160
L26_V193,OK,155,155
L26_V194,OK,155,155
L26_V195,OK,184,184
L26_V196,OK,139,139
L26_V197,OK,175,175
L26_V198,OK,166,166
L26_V199,OK,170,170
L26_V200,OK,157,157
L26_V201,OK,157,157
L26_V202,OK,164,164
L26_V203,OK,196,196
L26_V204,OK,164,164
L26_V205,OK,165,165
L26_V206,OK,167,167
L26_V207,OK,156,156
L26_V208,OK,191,191
L26_V209,OK,279,279
L26_V210,OK,206,206
L26_V211,OK,159,159
L26_V212,OK,189,189
L26_V213,OK,201,201
L26_V214,OK,170,170
L26_V215,OK,153,153
L26_V216,OK,163,163
L26_V217,OK,159,159
L26_V218,OK,180,180
L26_V219,OK,156,156
L26_V220,OK,171,171
L26_V221,OK,138,138
L26_V222,OK,164,164
L26_V223,OK,162,162
L26_V224,OK,169,169
L26_V225,OK,159,159
L26_V226,OK,177,177
L26_V227,OK,170,170
L26_V228,OK,146,146
L26_V229,OK,175,175
L26_V230,OK,159,159
L26_V231,OK,166,166
L26_V232,OK,187,187
L26_V233,OK,147,147
L26_V234,OK,183,183
L26_V235,OK,163,163
L26_V236,OK,144,144
L26_V237,OK,169,169
L26_V238,OK,149,149
L26_V239,OK,169,169
L26_V240,OK,158,158
L26_V241,OK,168,168
L26_V242,OK,165,165
L26_V243,OK,179,179
L26_V244,OK,163,163
L26_V245,OK,159,159
L26_V246,OK,157,157
L26_V247,OK,171,171
L26_V248,OK,165,165
L26_V249,OK,174,174
L26_V250,OK,182,182
L26_V251,OK,160,160
L26_V252,OK,159,159
L26_V253,OK,162,162
L26_V254,OK,169,169
L26_V255,OK,163,163
L26_V256,OK,167,167
L26_V257,OK,165,165
L26_V258,OK,163,163
L26_V259,OK,168,168
L26_V260,OK,162,162
L26_V261,OK,174,174
L26_V262,OK,165,165
L26_V263,OK,163,163
L26_V264,OK,163,163
L26_V265,OK,167,167
L26_V266,OK,164,164
L26_V267,OK,176,176
L26_V268,OK,187,187
L26_V269,OK,182,182
L26_V270,OK,173,173
L26_V271,OK,168,168
L26_V272,OK,181,181
L26_V273,OK,162,162
L26_V274,OK,193,193
L26_V275,OK,168,168
L26_V276,OK,172,172
L26_V277,OK,179,179
L26_V278,OK,166,166
L26_V279,OK,156,156
L26_V280,OK,157,157
L26_V281,OK,173,173
L26_V282,OK,138,138
L26_V283,OK,162,162
L26_V284,OK,158,158
L26_V285,OK,170,170
L26_V286,OK,164,164
L26_V287,OK,138,138
L26_V288,OK,156,156
L26_V289,OK,144,144
L26_V290,OK,164,164
L26_V291,OK,160,160
L26_V292,OK,175,175
L26_V293,OK,157,157
L26_V294,OK,161,161
L26_V295,OK,161,161
L26_V296,OK,178,178
L26_V297,OK,156,156
L26_V298,OK,166,166
L26_V299,OK,156,156
L26_V300,OK,162,162
L26_V301,OK,158,158
L26_V302,OK,169,169
L26_V303,OK,151,151
L26_V304,OK,143,143
L26_V305,OK,161,161
L26_V306,OK,161,161
L26_V307,OK,165,165
L26_V308,OK,164,164
L26_V309,OK,145,145
L26_V310,OK,152,152
L26_V311,OK,162,162
L26_V312,OK,171,171
L26_V313,OK,170,170
L26_V314,OK,163,163
L26_V315,OK,131,131
L26_V316,OK,171,171
L26_V317,OK,159,159
L26_V318,OK,176,176
L26_V319,OK,153,153
L26_V320,OK,188,188
L26_V321,OK,162,162
L26_V322,OK,154,154
L26_V323,OK,159,159
L26_V324,OK,176,176
L26_V325,OK,149,149
L26_V326,OK,163,163
L26_V327,OK,169,169
L26_V328,OK,167,167
L26_V329,OK,175,175
L26_V330,OK,186,186
L26_V331,OK,154,154
L26_V332,OK,158,158
L26_V333,OK,174,174
L26_V334,OK,159,159
L26_V335,OK,196,196
L26_V336,OK,185,185
L26_V337,OK,173,173
L26_V338,OK,177,177
L26_V339,OK,173,173
L26_V340,OK,160,160
L26_V341,OK,171,171
L26_V342,OK,194,194
L26_V343,OK,169,169
L26_V344,OK,154,154
L26_V345,OK,161,161
L26_V346,OK,188,188
L26_V347,OK,175,175
L26_V348,OK,170,170
L26_V349,OK,172,172
L26_V350,OK,177,177
L26_V351,OK,173,173
L26_V352,OK,152,152
L26_V353,OK,157,157
L26_V354,OK,178,178
L26_V355,OK,161,161
L26_V356,OK,177,177
L26_V357,OK,144,144
L26_V358,OK,176,176
L26_V359,OK,159,159
L26_V360,OK,158,158
L26_V361,OK,164,164
L26_V362,OK,156,156
L26_V363,OK,131,131
L26_V364,OK,153,153
L26_V365,OK,172,172
L26_V366,OK,171,171
L26_V367,OK,160,160
L26_V368,OK,172,172
L26_V369,OK,150,150
L26_V370,OK,167,167
L26_V371,OK,153,153
L26_V372,OK,166,166
L26_V373,OK,161,161
L26_V374,OK,177,177
L26_V375,OK,170,170
L26_V376,OK,151,151
L26_V377,OK,166,166
L26_V378,OK,172,172
L26_V379,OK,168,168
L26_V380,OK,159,159
L26_V381,OK,172,172
L26_V382,OK,164,164
L26_V383,OK,157,157
L26_V384,OK,164,164
L26_V385,OK,178,178
L26_V386,OK,164,164
L26_V387,OK,155,155
L26_V388,OK,174,174
L26_V389,OK,163,163
L26_V390,OK,162,162
L26_V391,OK,169,169
L26_V392,OK,159,159
L26_V393,OK,172,172
L26_V394,OK,156,156
L26_V395,OK,158,158
L26_V396,OK,173,173
L26_V397,OK,166,166
L26_V398,OK,176,176
L26_V399,OK,169,169
L26_V400,OK,170,170
L26_V401,OK,174,174
L26_V402,OK,151,151
L26_V403,OK,157,157
L26_V404,OK,171,171
L26_V405,OK,172,172
L26_V406,OK,169,169
L26_V407,OK,160,160
L26_V408,OK,197,197
L26_V409,OK,163,163
L26_V410,OK,159,159
L26_V411,OK,158,158
L26_V412,OK,165,165
L26_V413,OK,142,142
L26_V414,OK,160,160
L26_V415,OK,147,147
L26_V416,OK,189,189
L26_V418,OK,165,165
L26_V419,OK,148,148
L26_V420,OK,165,165
L26_V421,OK,155,155
L26_V422,OK,158,158
L26_V423,OK,141,141
L26_V424,OK,150,150
L26_V425,OK,160,160
L26_V426,OK,152,152
L26_V427,OK,154,154
L26_V428,OK,179,179
L26_V429,OK,176,176
L26_V430,OK,174,174
L26_V431,OK,174,174
L26_V432,OK,169,169
L26_V433,OK,183,183
L26_V434,OK,174,174
L26_V435,OK,189,189
L26_V436,OK,144,144
L26_V437,OK,177,177
L26_V438,OK,161,161
L26_V439,OK,173,173
L26_V440,OK,214,214
L26_V441,OK,198,198
L26_V442,OK,166,166
L26_V443,OK,180,180
L26_V444,OK,155,155
L26_V445,OK,164,164
L26_V446,OK,157,157
L26_V447,OK,161,161
L26_V448,OK,174,174
L26_V449,OK,163,163
L26_V450,OK,181,181
L26_V451,OK,153,153
L26_V452,OK,158,158
L26_V453,OK,172,172
L26_V454,OK,151,151
L26_V455,OK,168,168
L26_V456,OK,169,169
L26_V457,OK,158,158
L26_V458,OK,157,157
L26_V459,OK,153,153
L26_V460,OK,147,147
L26_V461,OK,170,170
L26_V462,OK,163,163
L26_V463,OK,148,148
L26_V464,OK,157,157
L26_V465,OK,140,140
L26_V466,OK,175,175
L26_V467,OK,155,155
L26_V468,OK,169,169
L26_V469,OK,174,174
L26_V470,OK,171,171
L26_V471,OK,177,177
L26_V472,OK,163,163
L26_V473,OK,148,148
L26_V474,OK,150,150
L26_V475,OK,157,157
L26_V476,OK,185,185
L26_V477,OK,167,167
L26_V478,OK,162,162
L26_V479,OK,187,187
L26_V480,OK,165,165
L26_V481,OK,176,176
L26_V482,OK,167,167
L26_V483,OK,174,174
L26_V484,OK,163,163
L26_V485,OK,175,175
L26_V486,OK,171,171
L26_V487,OK,178,178
L26_V488,OK,182,182
L26_V489,OK,170,170
L26_V490,OK,187,187
L26_V491,OK,182,182
L26_V492,OK,163,163
L26_V493,OK,164,164
L26_V494,OK,152,152
L26_V495,OK,194,194
L26_V496,OK,189,189
L26_V497,OK,168,168
L26_V498,OK,170,170
L26_V499,OK,166,166
L27_V001,OK,281,281
L27_V002,OK,302,302
L27_V003,OK,269,269
L27_V004,OK,263,263
L27_V005,OK,336,336
L27_V006,OK,328,328
L27_V007,OK,323,323
L27_V008,OK,300,300
L27_V009,OK,354,354
L27_V010,OK,298,298
L27_V011,OK,334,334
L27_V012,OK,284,284
L27_V013,OK,291,291
L27_V014,OK,268,268
L27_V015,OK,298,298
L27_V016,OK,385,385
L28_V001,OK,463,463
L28_V002,OK,484,484
L28_V003,OK,475,475
L28_V004,OK,449,449
L28_V005,OK,439,439
L28_V006,OK,577,577
L28_V007,OK,418,418
L28_V008,OK,411,411
L28_V009,OK,456,456
L28_V010,OK,491,491
L28_V011,OK,440,440
L28_V012,OK,396,396
L28_V013,OK,434,434
L28_V014,OK,438,438
L28_V015,OK,431,431
L28_V016,OK,446,446
L28_V017,OK,511,511
L28_V018,OK,472,472
L28_V019,OK,467,467
L28_V020,OK,401,401
L28_V021,OK,401,401
L28_V022,OK,336,336
L28_V023,OK,398,398
L28_V024,OK,449,449
L29_V001,OK,506,506
L29_V002,OK,461,461
L29_V003,OK,393,393
L29_V004,OK,557,557
L29_V005,OK,473,473
L29_V006,OK,408,408
L29_V007,OK,457,457
L29_V008,OK,427,427
L29_V009,OK,485,485
L29_V010,OK,519,519
L29_V011,OK,428,428
L29_V012,OK,446,446
L29_V013,OK,488,488
L29_V014,OK,411,411
L29_V015,OK,445,445
L29_V016,OK,577,577
L29_V017,OK,492,492
L29_V018,OK,568,568
L29_V019,OK,558,558
L29_V020,OK,472,472
L29_V021,OK,327,327
L29_V022,OK,432,432
L29_V023,OK,441,441
L30_V001,OK,72,72
L30_V002,OK,87,87
L30_V003,OK,140,140
L30_V004,OK,59,59
L30_V005,OK,32,32
L30_V006,OK,53,53
L30_V007,OK,110,110
L30_V008,OK,87,87
L30_V009,OK,108,108
L30_V010,OK,70,70
L30_V011,OK,30,30
L30_V012,OK,116,116
L30_V013,OK,29,29
L30_V014,OK,31,31
L30_V015,OK,93,93
L30_V016,OK,41,41
L30_V017,OK,135,135
L30_V018,OK,104,104
L30_V019,OK,60,60
L30_V020,OK,44,44
L30_V021,OK,186,186
L30_V022,OK,36,36
L30_V023,OK,83,83
L30_V024,OK,71,71
L30_V025,OK,162,162
L30_V026,OK,68,68
L30_V027,OK,81,81
L30_V028,OK,96,96
L30_V029,OK,115,115
L30_V030,OK,112,112
L30_V031,OK,67,67
L30_V032,OK,60,60
L30_V033,OK,243,243
L30_V034,OK,85,85
L30_V035,OK,33,33
L30_V036,OK,101,101
L30_V037,OK,156,156
L30_V038,OK,86,86
L30_V039,OK,85,85
L30_V040,OK,29,29
L30_V041,OK,24,24
L30_V042,OK,42,42
L30_V043,OK,99,99
L30_V044,OK,95,95
L30_V045,OK,86,86
L30_V046,OK,97,97
L30_V047,OK,98,98
L30_V048,OK,123,123
L30_V049,OK,58,58
L30_V050,OK,46,46
L30_V051,OK,71,71
L30_V052,OK,126,126
L30_V053,OK,93,93
L30_V054,OK,117,117
L30_V055,OK,80,80
L30_V056,OK,116,116
L30_V057,OK,50,50
L30_V058,OK,69,69
L30_V059,OK,74,74
L30_V060,OK,73,73
L30_V061,OK,95,95
L30_V062,OK,99,99
L30_V063,OK,81,81
L30_V064,OK,112,112
L30_V065,OK,52,52
L30_V066,OK,81,81
L30_V067,OK,45,45
L30_V068,OK,78,78
L30_V069,OK,90,90
L30_V070,OK,45,45
L30_V071,OK,29,29
L30_V072,OK,41,41
L30_V073,OK,69,69
L30_V074,OK,122,122
L30_V075,OK,95,95
L30_V076,OK,63,63
L30_V077,OK,67,67
L30_V078,OK,76,76
L30_V079,OK,55,55
L30_V080,OK,77,77
L30_V081,OK,72,72
L30_V082,OK,62,62
L30_V083,OK,108,108
L30_V084,OK,74,74
L30_V085,OK,62,62
L30_V086,OK,62,62
L30_V087,OK,57,57
L30_V088,OK,87,87
L30_V089,OK,90,90
L30_V090,OK,86,86
L30_V091,OK,134,134
L30_V092,OK,75,75
L30_V093,OK,92,92
L30_V094,OK,82,82
L30_V095,OK,123,123
L30_V096,OK,84,84
